"filename", "language", "C++", "CMake", "YAML", "Markdown", "Swift", "JSON", "HTML", "Dart", "XML", "Shell Script", "JavaScript", "GLSL", "Properties", "WebAssembly Text Format", "comment", "blank", "total"
"c:\MAIN FLUTTER\stockall\README.md", "Markdown", 0, 0, 0, 10, 0, 0, 0, 0, 0, 0, 0, 0, 0, 0, 0, 7, 17
"c:\MAIN FLUTTER\stockall\analysis_options.yaml", "YAML", 0, 0, 3, 0, 0, 0, 0, 0, 0, 0, 0, 0, 0, 0, 22, 4, 29
"c:\MAIN FLUTTER\stockall\android\app\src\debug\AndroidManifest.xml", "XML", 0, 0, 0, 0, 0, 0, 0, 0, 3, 0, 0, 0, 0, 0, 4, 1, 8
"c:\MAIN FLUTTER\stockall\android\app\src\main\AndroidManifest.xml", "XML", 0, 0, 0, 0, 0, 0, 0, 0, 58, 0, 0, 0, 0, 0, 11, 17, 86
"c:\MAIN FLUTTER\stockall\android\app\src\main\res\drawable-v21\launch_background.xml", "XML", 0, 0, 0, 0, 0, 0, 0, 0, 9, 0, 0, 0, 0, 0, 0, 1, 10
"c:\MAIN FLUTTER\stockall\android\app\src\main\res\drawable\launch_background.xml", "XML", 0, 0, 0, 0, 0, 0, 0, 0, 9, 0, 0, 0, 0, 0, 0, 1, 10
"c:\MAIN FLUTTER\stockall\android\app\src\main\res\values-night-v31\styles.xml", "XML", 0, 0, 0, 0, 0, 0, 0, 0, 12, 0, 0, 0, 0, 0, 7, 1, 20
"c:\MAIN FLUTTER\stockall\android\app\src\main\res\values-night\styles.xml", "XML", 0, 0, 0, 0, 0, 0, 0, 0, 13, 0, 0, 0, 0, 0, 9, 1, 23
"c:\MAIN FLUTTER\stockall\android\app\src\main\res\values-v31\styles.xml", "XML", 0, 0, 0, 0, 0, 0, 0, 0, 12, 0, 0, 0, 0, 0, 7, 1, 20
"c:\MAIN FLUTTER\stockall\android\app\src\main\res\values\styles.xml", "XML", 0, 0, 0, 0, 0, 0, 0, 0, 13, 0, 0, 0, 0, 0, 9, 1, 23
"c:\MAIN FLUTTER\stockall\android\app\src\profile\AndroidManifest.xml", "XML", 0, 0, 0, 0, 0, 0, 0, 0, 3, 0, 0, 0, 0, 0, 4, 1, 8
"c:\MAIN FLUTTER\stockall\android\gradle.properties", "Properties", 0, 0, 0, 0, 0, 0, 0, 0, 0, 0, 0, 0, 3, 0, 0, 1, 4
"c:\MAIN FLUTTER\stockall\android\gradle\wrapper\gradle-wrapper.properties", "Properties", 0, 0, 0, 0, 0, 0, 0, 0, 0, 0, 0, 0, 5, 0, 0, 1, 6
"c:\MAIN FLUTTER\stockall\assets\animations\cart_loader.json", "JSON", 0, 0, 0, 0, 0, 1, 0, 0, 0, 0, 0, 0, 0, 0, 0, 0, 1
"c:\MAIN FLUTTER\stockall\assets\animations\check_animation.json", "JSON", 0, 0, 0, 0, 0, 1, 0, 0, 0, 0, 0, 0, 0, 0, 0, 0, 1
"c:\MAIN FLUTTER\stockall\assets\animations\main_loader.json", "JSON", 0, 0, 0, 0, 0, 1, 0, 0, 0, 0, 0, 0, 0, 0, 0, 0, 1
"c:\MAIN FLUTTER\stockall\assets\animations\phone_verify.json", "JSON", 0, 0, 0, 0, 0, 1, 0, 0, 0, 0, 0, 0, 0, 0, 0, 0, 1
"c:\MAIN FLUTTER\stockall\assets\animations\profit.json", "JSON", 0, 0, 0, 0, 0, 1, 0, 0, 0, 0, 0, 0, 0, 0, 0, 0, 1
"c:\MAIN FLUTTER\stockall\assets\animations\search_1.json", "JSON", 0, 0, 0, 0, 0, 1, 0, 0, 0, 0, 0, 0, 0, 0, 0, 0, 1
"c:\MAIN FLUTTER\stockall\assets\animations\search_2.json", "JSON", 0, 0, 0, 0, 0, 1, 0, 0, 0, 0, 0, 0, 0, 0, 0, 0, 1
"c:\MAIN FLUTTER\stockall\assets\animations\search_3.json", "JSON", 0, 0, 0, 0, 0, 1, 0, 0, 0, 0, 0, 0, 0, 0, 0, 0, 1
"c:\MAIN FLUTTER\stockall\assets\animations\shop_setup_icon.json", "JSON", 0, 0, 0, 0, 0, 1, 0, 0, 0, 0, 0, 0, 0, 0, 0, 0, 1
"c:\MAIN FLUTTER\stockall\assets\animations\welcome.json", "JSON", 0, 0, 0, 0, 0, 1, 0, 0, 0, 0, 0, 0, 0, 0, 0, 0, 1
"c:\MAIN FLUTTER\stockall\assets\animations\welcome_robot.json", "JSON", 0, 0, 0, 0, 0, 1, 0, 0, 0, 0, 0, 0, 0, 0, 0, 0, 1
"c:\MAIN FLUTTER\stockall\assets\svgs\add_icon.svg", "XML", 0, 0, 0, 0, 0, 0, 0, 0, 4, 0, 0, 0, 0, 0, 0, 1, 5
"c:\MAIN FLUTTER\stockall\assets\svgs\check_icon.svg", "XML", 0, 0, 0, 0, 0, 0, 0, 0, 9, 0, 0, 0, 0, 0, 0, 1, 10
"c:\MAIN FLUTTER\stockall\assets\svgs\cust_book_icon.svg", "XML", 0, 0, 0, 0, 0, 0, 0, 0, 5, 0, 0, 0, 0, 0, 0, 1, 6
"c:\MAIN FLUTTER\stockall\assets\svgs\customers_icon.svg", "XML", 0, 0, 0, 0, 0, 0, 0, 0, 24, 0, 0, 0, 0, 0, 0, 1, 25
"c:\MAIN FLUTTER\stockall\assets\svgs\delete_icon.svg", "XML", 0, 0, 0, 0, 0, 0, 0, 0, 3, 0, 0, 0, 0, 0, 0, 1, 4
"c:\MAIN FLUTTER\stockall\assets\svgs\edit_icon.svg", "XML", 0, 0, 0, 0, 0, 0, 0, 0, 4, 0, 0, 0, 0, 0, 0, 1, 5
"c:\MAIN FLUTTER\stockall\assets\svgs\employees_icon.svg", "XML", 0, 0, 0, 0, 0, 0, 0, 0, 11, 0, 0, 0, 0, 0, 0, 1, 12
"c:\MAIN FLUTTER\stockall\assets\svgs\expenses_icon.svg", "XML", 0, 0, 0, 0, 0, 0, 0, 0, 19, 0, 0, 0, 0, 0, 0, 1, 20
"c:\MAIN FLUTTER\stockall\assets\svgs\make_sales_button.svg", "XML", 0, 0, 0, 0, 0, 0, 0, 0, 15, 0, 0, 0, 0, 0, 0, 1, 16
"c:\MAIN FLUTTER\stockall\assets\svgs\naira_icon.svg", "XML", 0, 0, 0, 0, 0, 0, 0, 0, 9, 0, 0, 0, 0, 0, 0, 1, 10
"c:\MAIN FLUTTER\stockall\assets\svgs\notif_icon.svg", "XML", 0, 0, 0, 0, 0, 0, 0, 0, 14, 0, 0, 0, 0, 0, 0, 1, 15
"c:\MAIN FLUTTER\stockall\assets\svgs\plus_icon.svg", "XML", 0, 0, 0, 0, 0, 0, 0, 0, 12, 0, 0, 0, 0, 0, 1, 0, 13
"c:\MAIN FLUTTER\stockall\assets\svgs\product_icon.svg", "XML", 0, 0, 0, 0, 0, 0, 0, 0, 14, 0, 0, 0, 0, 0, 0, 1, 15
"c:\MAIN FLUTTER\stockall\assets\svgs\pulse_icon.svg", "XML", 0, 0, 0, 0, 0, 0, 0, 0, 9, 0, 0, 0, 0, 0, 0, 1, 10
"c:\MAIN FLUTTER\stockall\assets\svgs\receipt_icon.svg", "XML", 0, 0, 0, 0, 0, 0, 0, 0, 19, 0, 0, 0, 0, 0, 0, 1, 20
"c:\MAIN FLUTTER\stockall\assets\svgs\report_icon.svg", "XML", 0, 0, 0, 0, 0, 0, 0, 0, 14, 0, 0, 0, 0, 0, 0, 1, 15
"c:\MAIN FLUTTER\stockall\assets\svgs\sales_icon.svg", "XML", 0, 0, 0, 0, 0, 0, 0, 0, 14, 0, 0, 0, 0, 0, 0, 1, 15
"c:\MAIN FLUTTER\stockall\assets\svgs\whatsapp_logo_icon.svg", "XML", 0, 0, 0, 0, 0, 0, 0, 0, 19, 0, 0, 0, 0, 0, 1, 0, 20
"c:\MAIN FLUTTER\stockall\build.sh", "Shell Script", 0, 0, 0, 0, 0, 0, 0, 0, 0, 4, 0, 0, 0, 0, 1, 0, 5
"c:\MAIN FLUTTER\stockall\build\web\assets\AssetManifest.bin.json", "JSON", 0, 0, 0, 0, 0, 1, 0, 0, 0, 0, 0, 0, 0, 0, 0, 0, 1
"c:\MAIN FLUTTER\stockall\build\web\assets\AssetManifest.json", "JSON", 0, 0, 0, 0, 0, 1, 0, 0, 0, 0, 0, 0, 0, 0, 0, 0, 1
"c:\MAIN FLUTTER\stockall\build\web\assets\FontManifest.json", "JSON", 0, 0, 0, 0, 0, 1, 0, 0, 0, 0, 0, 0, 0, 0, 0, 0, 1
"c:\MAIN FLUTTER\stockall\build\web\assets\assets\animations\cart_loader.json", "JSON", 0, 0, 0, 0, 0, 1, 0, 0, 0, 0, 0, 0, 0, 0, 0, 0, 1
"c:\MAIN FLUTTER\stockall\build\web\assets\assets\animations\check_animation.json", "JSON", 0, 0, 0, 0, 0, 1, 0, 0, 0, 0, 0, 0, 0, 0, 0, 0, 1
"c:\MAIN FLUTTER\stockall\build\web\assets\assets\animations\main_loader.json", "JSON", 0, 0, 0, 0, 0, 1, 0, 0, 0, 0, 0, 0, 0, 0, 0, 0, 1
"c:\MAIN FLUTTER\stockall\build\web\assets\assets\animations\phone_verify.json", "JSON", 0, 0, 0, 0, 0, 1, 0, 0, 0, 0, 0, 0, 0, 0, 0, 0, 1
"c:\MAIN FLUTTER\stockall\build\web\assets\assets\animations\profit.json", "JSON", 0, 0, 0, 0, 0, 1, 0, 0, 0, 0, 0, 0, 0, 0, 0, 0, 1
"c:\MAIN FLUTTER\stockall\build\web\assets\assets\animations\search_1.json", "JSON", 0, 0, 0, 0, 0, 1, 0, 0, 0, 0, 0, 0, 0, 0, 0, 0, 1
"c:\MAIN FLUTTER\stockall\build\web\assets\assets\animations\search_2.json", "JSON", 0, 0, 0, 0, 0, 1, 0, 0, 0, 0, 0, 0, 0, 0, 0, 0, 1
"c:\MAIN FLUTTER\stockall\build\web\assets\assets\animations\search_3.json", "JSON", 0, 0, 0, 0, 0, 1, 0, 0, 0, 0, 0, 0, 0, 0, 0, 0, 1
"c:\MAIN FLUTTER\stockall\build\web\assets\assets\animations\shop_setup_icon.json", "JSON", 0, 0, 0, 0, 0, 1, 0, 0, 0, 0, 0, 0, 0, 0, 0, 0, 1
"c:\MAIN FLUTTER\stockall\build\web\assets\assets\animations\welcome.json", "JSON", 0, 0, 0, 0, 0, 1, 0, 0, 0, 0, 0, 0, 0, 0, 0, 0, 1
"c:\MAIN FLUTTER\stockall\build\web\assets\assets\animations\welcome_robot.json", "JSON", 0, 0, 0, 0, 0, 1, 0, 0, 0, 0, 0, 0, 0, 0, 0, 0, 1
"c:\MAIN FLUTTER\stockall\build\web\assets\assets\svgs\add_icon.svg", "XML", 0, 0, 0, 0, 0, 0, 0, 0, 4, 0, 0, 0, 0, 0, 0, 1, 5
"c:\MAIN FLUTTER\stockall\build\web\assets\assets\svgs\check_icon.svg", "XML", 0, 0, 0, 0, 0, 0, 0, 0, 9, 0, 0, 0, 0, 0, 0, 1, 10
"c:\MAIN FLUTTER\stockall\build\web\assets\assets\svgs\cust_book_icon.svg", "XML", 0, 0, 0, 0, 0, 0, 0, 0, 5, 0, 0, 0, 0, 0, 0, 1, 6
"c:\MAIN FLUTTER\stockall\build\web\assets\assets\svgs\customers_icon.svg", "XML", 0, 0, 0, 0, 0, 0, 0, 0, 24, 0, 0, 0, 0, 0, 0, 1, 25
"c:\MAIN FLUTTER\stockall\build\web\assets\assets\svgs\delete_icon.svg", "XML", 0, 0, 0, 0, 0, 0, 0, 0, 3, 0, 0, 0, 0, 0, 0, 1, 4
"c:\MAIN FLUTTER\stockall\build\web\assets\assets\svgs\edit_icon.svg", "XML", 0, 0, 0, 0, 0, 0, 0, 0, 4, 0, 0, 0, 0, 0, 0, 1, 5
"c:\MAIN FLUTTER\stockall\build\web\assets\assets\svgs\employees_icon.svg", "XML", 0, 0, 0, 0, 0, 0, 0, 0, 11, 0, 0, 0, 0, 0, 0, 1, 12
"c:\MAIN FLUTTER\stockall\build\web\assets\assets\svgs\expenses_icon.svg", "XML", 0, 0, 0, 0, 0, 0, 0, 0, 19, 0, 0, 0, 0, 0, 0, 1, 20
"c:\MAIN FLUTTER\stockall\build\web\assets\assets\svgs\make_sales_button.svg", "XML", 0, 0, 0, 0, 0, 0, 0, 0, 15, 0, 0, 0, 0, 0, 0, 1, 16
"c:\MAIN FLUTTER\stockall\build\web\assets\assets\svgs\naira_icon.svg", "XML", 0, 0, 0, 0, 0, 0, 0, 0, 9, 0, 0, 0, 0, 0, 0, 1, 10
"c:\MAIN FLUTTER\stockall\build\web\assets\assets\svgs\notif_icon.svg", "XML", 0, 0, 0, 0, 0, 0, 0, 0, 14, 0, 0, 0, 0, 0, 0, 1, 15
"c:\MAIN FLUTTER\stockall\build\web\assets\assets\svgs\plus_icon.svg", "XML", 0, 0, 0, 0, 0, 0, 0, 0, 12, 0, 0, 0, 0, 0, 1, 0, 13
"c:\MAIN FLUTTER\stockall\build\web\assets\assets\svgs\product_icon.svg", "XML", 0, 0, 0, 0, 0, 0, 0, 0, 14, 0, 0, 0, 0, 0, 0, 1, 15
"c:\MAIN FLUTTER\stockall\build\web\assets\assets\svgs\pulse_icon.svg", "XML", 0, 0, 0, 0, 0, 0, 0, 0, 9, 0, 0, 0, 0, 0, 0, 1, 10
"c:\MAIN FLUTTER\stockall\build\web\assets\assets\svgs\receipt_icon.svg", "XML", 0, 0, 0, 0, 0, 0, 0, 0, 19, 0, 0, 0, 0, 0, 0, 1, 20
"c:\MAIN FLUTTER\stockall\build\web\assets\assets\svgs\report_icon.svg", "XML", 0, 0, 0, 0, 0, 0, 0, 0, 14, 0, 0, 0, 0, 0, 0, 1, 15
"c:\MAIN FLUTTER\stockall\build\web\assets\assets\svgs\sales_icon.svg", "XML", 0, 0, 0, 0, 0, 0, 0, 0, 14, 0, 0, 0, 0, 0, 0, 1, 15
"c:\MAIN FLUTTER\stockall\build\web\assets\assets\svgs\whatsapp_logo_icon.svg", "XML", 0, 0, 0, 0, 0, 0, 0, 0, 19, 0, 0, 0, 0, 0, 1, 0, 20
"c:\MAIN FLUTTER\stockall\build\web\assets\packages\esc_pos_utils_plus\resources\capabilities.json", "JSON", 0, 0, 0, 0, 0, 2119, 0, 0, 0, 0, 0, 0, 0, 0, 0, 0, 2119
"c:\MAIN FLUTTER\stockall\build\web\assets\shaders\ink_sparkle.frag", "GLSL", 0, 0, 0, 0, 0, 0, 0, 0, 0, 0, 0, 126, 0, 0, 0, 0, 126
"c:\MAIN FLUTTER\stockall\build\web\canvaskit\canvaskit.js", "JavaScript", 0, 0, 0, 0, 0, 0, 0, 0, 0, 0, 187, 0, 0, 0, 0, 6, 193
"c:\MAIN FLUTTER\stockall\build\web\canvaskit\canvaskit.wasm", "WebAssembly Text Format", 0, 0, 0, 0, 0, 0, 0, 0, 0, 0, 0, 0, 0, 128362, 0, 3990, 132352
"c:\MAIN FLUTTER\stockall\build\web\canvaskit\chromium\canvaskit.js", "JavaScript", 0, 0, 0, 0, 0, 0, 0, 0, 0, 0, 187, 0, 0, 0, 0, 6, 193
"c:\MAIN FLUTTER\stockall\build\web\canvaskit\chromium\canvaskit.wasm", "WebAssembly Text Format", 0, 0, 0, 0, 0, 0, 0, 0, 0, 0, 0, 0, 0, 106734, 0, 2906, 109640
"c:\MAIN FLUTTER\stockall\build\web\canvaskit\skwasm.js", "JavaScript", 0, 0, 0, 0, 0, 0, 0, 0, 0, 0, 152, 0, 0, 0, 1, 6, 159
"c:\MAIN FLUTTER\stockall\build\web\canvaskit\skwasm.wasm", "WebAssembly Text Format", 0, 0, 0, 0, 0, 0, 0, 0, 0, 0, 0, 0, 0, 55865, 0, 1675, 57540
"c:\MAIN FLUTTER\stockall\build\web\canvaskit\skwasm_st.js", "JavaScript", 0, 0, 0, 0, 0, 0, 0, 0, 0, 0, 129, 0, 0, 0, 0, 6, 135
"c:\MAIN FLUTTER\stockall\build\web\canvaskit\skwasm_st.wasm", "WebAssembly Text Format", 0, 0, 0, 0, 0, 0, 0, 0, 0, 0, 0, 0, 0, 55304, 0, 1678, 56982
"c:\MAIN FLUTTER\stockall\build\web\flutter.js", "JavaScript", 0, 0, 0, 0, 0, 0, 0, 0, 0, 0, 3, 0, 0, 0, 1, 1, 5
"c:\MAIN FLUTTER\stockall\build\web\flutter_bootstrap.js", "JavaScript", 0, 0, 0, 0, 0, 0, 0, 0, 0, 0, 12, 0, 0, 0, 1, 4, 17
"c:\MAIN FLUTTER\stockall\build\web\flutter_service_worker.js", "JavaScript", 0, 0, 0, 0, 0, 0, 0, 0, 0, 0, 487, 0, 0, 0, 31, 3, 521
"c:\MAIN FLUTTER\stockall\build\web\index.html", "HTML", 0, 0, 0, 0, 0, 0, 89, 0, 0, 0, 0, 0, 0, 0, 17, 30, 136
"c:\MAIN FLUTTER\stockall\build\web\main.dart.js", "JavaScript", 0, 0, 0, 0, 0, 0, 0, 0, 0, 0, 167184, 0, 0, 0, 0, 1, 167185
"c:\MAIN FLUTTER\stockall\build\web\manifest.json", "JSON", 0, 0, 0, 0, 0, 35, 0, 0, 0, 0, 0, 0, 0, 0, 0, 1, 36
"c:\MAIN FLUTTER\stockall\build\web\version.json", "JSON", 0, 0, 0, 0, 0, 1, 0, 0, 0, 0, 0, 0, 0, 0, 0, 0, 1
"c:\MAIN FLUTTER\stockall\devtools_options.yaml", "YAML", 0, 0, 3, 0, 0, 0, 0, 0, 0, 0, 0, 0, 0, 0, 0, 1, 4
"c:\MAIN FLUTTER\stockall\ios\RunnerTests\RunnerTests.swift", "Swift", 0, 0, 0, 0, 7, 0, 0, 0, 0, 0, 0, 0, 0, 0, 2, 4, 13
"c:\MAIN FLUTTER\stockall\ios\Runner\AppDelegate.swift", "Swift", 0, 0, 0, 0, 12, 0, 0, 0, 0, 0, 0, 0, 0, 0, 0, 2, 14
"c:\MAIN FLUTTER\stockall\ios\Runner\Assets.xcassets\AppIcon.appiconset\Contents.json", "JSON", 0, 0, 0, 0, 0, 1, 0, 0, 0, 0, 0, 0, 0, 0, 0, 0, 1
"c:\MAIN FLUTTER\stockall\ios\Runner\Assets.xcassets\LaunchBackground.imageset\Contents.json", "JSON", 0, 0, 0, 0, 0, 21, 0, 0, 0, 0, 0, 0, 0, 0, 0, 1, 22
"c:\MAIN FLUTTER\stockall\ios\Runner\Assets.xcassets\LaunchImage.imageset\Contents.json", "JSON", 0, 0, 0, 0, 0, 23, 0, 0, 0, 0, 0, 0, 0, 0, 0, 1, 24
"c:\MAIN FLUTTER\stockall\ios\Runner\Assets.xcassets\LaunchImage.imageset\README.md", "Markdown", 0, 0, 0, 3, 0, 0, 0, 0, 0, 0, 0, 0, 0, 0, 0, 2, 5
"c:\MAIN FLUTTER\stockall\ios\Runner\Base.lproj\LaunchScreen.storyboard", "XML", 0, 0, 0, 0, 0, 0, 0, 0, 43, 0, 0, 0, 0, 0, 1, 1, 45
"c:\MAIN FLUTTER\stockall\ios\Runner\Base.lproj\Main.storyboard", "XML", 0, 0, 0, 0, 0, 0, 0, 0, 25, 0, 0, 0, 0, 0, 1, 1, 27
"c:\MAIN FLUTTER\stockall\ios\Runner\Runner-Bridging-Header.h", "C++", 1, 0, 0, 0, 0, 0, 0, 0, 0, 0, 0, 0, 0, 0, 0, 1, 2
"c:\MAIN FLUTTER\stockall\lib\classes\currency_class.dart", "Dart", 0, 0, 0, 0, 0, 0, 0, 10, 0, 0, 0, 0, 0, 0, 0, 2, 12
"c:\MAIN FLUTTER\stockall\lib\classes\product_quantity_summary.dart", "Dart", 0, 0, 0, 0, 0, 0, 0, 10, 0, 0, 0, 0, 0, 0, 0, 2, 12
"c:\MAIN FLUTTER\stockall\lib\classes\product_report_summary.dart", "Dart", 0, 0, 0, 0, 0, 0, 0, 14, 0, 0, 0, 0, 0, 0, 0, 2, 16
"c:\MAIN FLUTTER\stockall\lib\classes\product_suggestions_class.dart", "Dart", 0, 0, 0, 0, 0, 0, 0, 33, 0, 0, 0, 0, 0, 0, 0, 4, 37
"c:\MAIN FLUTTER\stockall\lib\classes\product_summary_class.dart", "Dart", 0, 0, 0, 0, 0, 0, 0, 8, 0, 0, 0, 0, 0, 0, 0, 2, 10
"c:\MAIN FLUTTER\stockall\lib\classes\refunded_records.dart", "Dart", 0, 0, 0, 0, 0, 0, 0, 48, 0, 0, 0, 0, 0, 0, 0, 4, 52
"c:\MAIN FLUTTER\stockall\lib\classes\temp_cart_item.dart", "Dart", 0, 0, 0, 0, 0, 0, 0, 61, 0, 0, 0, 0, 0, 0, 0, 8, 69
"c:\MAIN FLUTTER\stockall\lib\classes\temp_customers_class.dart", "Dart", 0, 0, 0, 0, 0, 0, 0, 61, 0, 0, 0, 0, 0, 0, 0, 4, 65
"c:\MAIN FLUTTER\stockall\lib\classes\temp_employee_class.dart", "Dart", 0, 0, 0, 0, 0, 0, 0, 0, 0, 0, 0, 0, 0, 0, 0, 2, 2
"c:\MAIN FLUTTER\stockall\lib\classes\temp_expenses_class.dart", "Dart", 0, 0, 0, 0, 0, 0, 0, 66, 0, 0, 0, 0, 0, 0, 0, 4, 70
"c:\MAIN FLUTTER\stockall\lib\classes\temp_main_cart.dart", "Dart", 0, 0, 0, 0, 0, 0, 0, 12, 0, 0, 0, 0, 0, 0, 0, 4, 16
"c:\MAIN FLUTTER\stockall\lib\classes\temp_main_receipt.dart", "Dart", 0, 0, 0, 0, 0, 0, 0, 70, 0, 0, 0, 0, 0, 0, 0, 4, 74
"c:\MAIN FLUTTER\stockall\lib\classes\temp_notification.dart", "Dart", 0, 0, 0, 0, 0, 0, 0, 49, 0, 0, 0, 0, 0, 0, 0, 3, 52
"c:\MAIN FLUTTER\stockall\lib\classes\temp_product_class.dart", "Dart", 0, 0, 0, 0, 0, 0, 0, 129, 0, 0, 0, 0, 0, 0, 0, 5, 134
"c:\MAIN FLUTTER\stockall\lib\classes\temp_product_sale_record.dart", "Dart", 0, 0, 0, 0, 0, 0, 0, 95, 0, 0, 0, 0, 0, 0, 0, 4, 99
"c:\MAIN FLUTTER\stockall\lib\classes\temp_referral_class.dart", "Dart", 0, 0, 0, 0, 0, 0, 0, 0, 0, 0, 0, 0, 0, 0, 63, 4, 67
"c:\MAIN FLUTTER\stockall\lib\classes\temp_shop_class.dart", "Dart", 0, 0, 0, 0, 0, 0, 0, 90, 0, 0, 0, 0, 0, 0, 0, 4, 94
"c:\MAIN FLUTTER\stockall\lib\classes\temp_user_class.dart", "Dart", 0, 0, 0, 0, 0, 0, 0, 84, 0, 0, 0, 0, 0, 0, 0, 19, 103
"c:\MAIN FLUTTER\stockall\lib\classes\temp_user_class.g.dart", "Dart", 0, 0, 0, 0, 0, 0, 0, 63, 0, 0, 0, 0, 0, 0, 4, 8, 75
"c:\MAIN FLUTTER\stockall\lib\classes\user_and_shop_data.dart", "Dart", 0, 0, 0, 0, 0, 0, 0, 7, 0, 0, 0, 0, 0, 0, 0, 3, 10
"c:\MAIN FLUTTER\stockall\lib\components\alert_dialogues\confirmation_alert.dart", "Dart", 0, 0, 0, 0, 0, 0, 0, 193, 0, 0, 0, 0, 0, 0, 1, 6, 200
"c:\MAIN FLUTTER\stockall\lib\components\alert_dialogues\info_alert.dart", "Dart", 0, 0, 0, 0, 0, 0, 0, 157, 0, 0, 0, 0, 0, 0, 0, 5, 162
"c:\MAIN FLUTTER\stockall\lib\components\bar_chart\daily_bar_chart.dart", "Dart", 0, 0, 0, 0, 0, 0, 0, 120, 0, 0, 0, 0, 0, 0, 2, 13, 135
"c:\MAIN FLUTTER\stockall\lib\components\bar_chart\horizontal_stroke.dart", "Dart", 0, 0, 0, 0, 0, 0, 0, 59, 0, 0, 0, 0, 0, 0, 0, 4, 63
"c:\MAIN FLUTTER\stockall\lib\components\bar_chart\vertical_stroke.dart", "Dart", 0, 0, 0, 0, 0, 0, 0, 60, 0, 0, 0, 0, 0, 0, 1, 3, 64
"c:\MAIN FLUTTER\stockall\lib\components\barcode_scanner.dart", "Dart", 0, 0, 0, 0, 0, 0, 0, 121, 0, 0, 0, 0, 0, 0, 21, 13, 155
"c:\MAIN FLUTTER\stockall\lib\components\buttons\floating_action_butto.dart", "Dart", 0, 0, 0, 0, 0, 0, 0, 84, 0, 0, 0, 0, 0, 0, 0, 4, 88
"c:\MAIN FLUTTER\stockall\lib\components\buttons\main_button_p.dart", "Dart", 0, 0, 0, 0, 0, 0, 0, 69, 0, 0, 0, 0, 0, 0, 0, 5, 74
"c:\MAIN FLUTTER\stockall\lib\components\buttons\main_button_transparent.dart", "Dart", 0, 0, 0, 0, 0, 0, 0, 59, 0, 0, 0, 0, 0, 0, 0, 5, 64
"c:\MAIN FLUTTER\stockall\lib\components\buttons\payment_type_button.dart", "Dart", 0, 0, 0, 0, 0, 0, 0, 124, 0, 0, 0, 0, 0, 0, 0, 3, 127
"c:\MAIN FLUTTER\stockall\lib\components\buttons\small_button_main.dart", "Dart", 0, 0, 0, 0, 0, 0, 0, 55, 0, 0, 0, 0, 0, 0, 1, 5, 61
"c:\MAIN FLUTTER\stockall\lib\components\buttons\toggle_total_price.dart", "Dart", 0, 0, 0, 0, 0, 0, 0, 133, 0, 0, 0, 0, 0, 0, 0, 4, 137
"c:\MAIN FLUTTER\stockall\lib\components\calendar\calendar_widget.dart", "Dart", 0, 0, 0, 0, 0, 0, 0, 398, 0, 0, 0, 0, 0, 0, 1, 18, 417
"c:\MAIN FLUTTER\stockall\lib\components\list_tiles\main_receipt_tile.dart", "Dart", 0, 0, 0, 0, 0, 0, 0, 343, 0, 0, 0, 0, 0, 0, 2, 14, 359
"c:\MAIN FLUTTER\stockall\lib\components\major\empty_widget_display.dart", "Dart", 0, 0, 0, 0, 0, 0, 0, 148, 0, 0, 0, 0, 0, 0, 0, 5, 153
"c:\MAIN FLUTTER\stockall\lib\components\major\empty_widget_display_only.dart", "Dart", 0, 0, 0, 0, 0, 0, 0, 130, 0, 0, 0, 0, 0, 0, 0, 5, 135
"c:\MAIN FLUTTER\stockall\lib\components\major\items_summary.dart", "Dart", 0, 0, 0, 0, 0, 0, 0, 342, 0, 0, 0, 0, 0, 0, 4, 6, 352
"c:\MAIN FLUTTER\stockall\lib\components\major\my_drawer_widget.dart", "Dart", 0, 0, 0, 0, 0, 0, 0, 801, 0, 0, 0, 0, 0, 0, 43, 14, 858
"c:\MAIN FLUTTER\stockall\lib\components\major\top_banner.dart", "Dart", 0, 0, 0, 0, 0, 0, 0, 166, 0, 0, 0, 0, 0, 0, 2, 3, 171
"c:\MAIN FLUTTER\stockall\lib\components\major\top_banner_two.dart", "Dart", 0, 0, 0, 0, 0, 0, 0, 124, 0, 0, 0, 0, 0, 0, 1, 3, 128
"c:\MAIN FLUTTER\stockall\lib\components\major\unsupported_platform.dart", "Dart", 0, 0, 0, 0, 0, 0, 0, 89, 0, 0, 0, 0, 0, 0, 0, 3, 92
"c:\MAIN FLUTTER\stockall\lib\components\my_calculator.dart", "Dart", 0, 0, 0, 0, 0, 0, 0, 603, 0, 0, 0, 0, 0, 0, 0, 18, 621
"c:\MAIN FLUTTER\stockall\lib\components\progress_bar.dart", "Dart", 0, 0, 0, 0, 0, 0, 0, 111, 0, 0, 0, 0, 0, 0, 0, 4, 115
"c:\MAIN FLUTTER\stockall\lib\components\text_fields\barcode_scanner.dart", "Dart", 0, 0, 0, 0, 0, 0, 0, 74, 0, 0, 0, 0, 0, 0, 0, 4, 78
"c:\MAIN FLUTTER\stockall\lib\components\text_fields\edit_cart_text_field.dart", "Dart", 0, 0, 0, 0, 0, 0, 0, 103, 0, 0, 0, 0, 0, 0, 0, 8, 111
"c:\MAIN FLUTTER\stockall\lib\components\text_fields\general_textfield.dart", "Dart", 0, 0, 0, 0, 0, 0, 0, 97, 0, 0, 0, 0, 0, 0, 0, 4, 101
"c:\MAIN FLUTTER\stockall\lib\components\text_fields\general_textfield_only.dart", "Dart", 0, 0, 0, 0, 0, 0, 0, 68, 0, 0, 0, 0, 0, 0, 0, 4, 72
"c:\MAIN FLUTTER\stockall\lib\components\text_fields\main_dropdown.dart", "Dart", 0, 0, 0, 0, 0, 0, 0, 83, 0, 0, 0, 0, 0, 0, 0, 4, 87
"c:\MAIN FLUTTER\stockall\lib\components\text_fields\main_dropdown_only.dart", "Dart", 0, 0, 0, 0, 0, 0, 0, 77, 0, 0, 0, 0, 0, 0, 0, 4, 81
"c:\MAIN FLUTTER\stockall\lib\components\text_fields\money_textfield.dart", "Dart", 0, 0, 0, 0, 0, 0, 0, 135, 0, 0, 0, 0, 0, 0, 2, 15, 152
"c:\MAIN FLUTTER\stockall\lib\components\text_fields\number_textfield.dart", "Dart", 0, 0, 0, 0, 0, 0, 0, 135, 0, 0, 0, 0, 0, 0, 2, 16, 153
"c:\MAIN FLUTTER\stockall\lib\components\text_fields\phone_number_text_field.dart", "Dart", 0, 0, 0, 0, 0, 0, 0, 119, 0, 0, 0, 0, 0, 0, 0, 5, 124
"c:\MAIN FLUTTER\stockall\lib\components\text_fields\text_field_barcode.dart", "Dart", 0, 0, 0, 0, 0, 0, 0, 151, 0, 0, 0, 0, 0, 0, 0, 6, 157
"c:\MAIN FLUTTER\stockall\lib\constants\app_bar.dart", "Dart", 0, 0, 0, 0, 0, 0, 0, 65, 0, 0, 0, 0, 0, 0, 0, 2, 67
"c:\MAIN FLUTTER\stockall\lib\constants\bottom_sheet_widgets.dart", "Dart", 0, 0, 0, 0, 0, 0, 0, 2941, 0, 0, 0, 0, 0, 0, 285, 49, 3275
"c:\MAIN FLUTTER\stockall\lib\constants\calculations.dart", "Dart", 0, 0, 0, 0, 0, 0, 0, 129, 0, 0, 0, 0, 0, 0, 16, 22, 167
"c:\MAIN FLUTTER\stockall\lib\constants\constants_main.dart", "Dart", 0, 0, 0, 0, 0, 0, 0, 85, 0, 0, 0, 0, 0, 0, 18, 41, 144
"c:\MAIN FLUTTER\stockall\lib\constants\functions.dart", "Dart", 0, 0, 0, 0, 0, 0, 0, 3458, 0, 0, 0, 0, 0, 0, 92, 110, 3660
"c:\MAIN FLUTTER\stockall\lib\constants\play_sounds.dart", "Dart", 0, 0, 0, 0, 0, 0, 0, 8, 0, 0, 0, 0, 0, 0, 1, 3, 12
"c:\MAIN FLUTTER\stockall\lib\constants\scan_barcode.dart", "Dart", 0, 0, 0, 0, 0, 0, 0, 19, 0, 0, 0, 0, 0, 0, 63, 7, 89
"c:\MAIN FLUTTER\stockall\lib\helpers\clean_up_url.dart", "Dart", 0, 0, 0, 0, 0, 0, 0, 2, 0, 0, 0, 0, 0, 0, 1, 1, 4
"c:\MAIN FLUTTER\stockall\lib\helpers\clean_up_url_stub.dart", "Dart", 0, 0, 0, 0, 0, 0, 0, 6, 0, 0, 0, 0, 0, 0, 2, 3, 11
"c:\MAIN FLUTTER\stockall\lib\helpers\clean_up_url_web.dart", "Dart", 0, 0, 0, 0, 0, 0, 0, 8, 0, 0, 0, 0, 0, 0, 8, 5, 21
"c:\MAIN FLUTTER\stockall\lib\local_database\local_user\local_user_database.dart", "Dart", 0, 0, 0, 0, 0, 0, 0, 77, 0, 0, 0, 0, 0, 0, 11, 21, 109
"c:\MAIN FLUTTER\stockall\lib\main.dart", "Dart", 0, 0, 0, 0, 0, 0, 0, 310, 0, 0, 0, 0, 0, 0, 99, 40, 449
"c:\MAIN FLUTTER\stockall\lib\pages\authentication\auth_landing\auth_landing.dart", "Dart", 0, 0, 0, 0, 0, 0, 0, 34, 0, 0, 0, 0, 0, 0, 0, 4, 38
"c:\MAIN FLUTTER\stockall\lib\pages\authentication\auth_landing\platforms\auth_landing_desktop.dart", "Dart", 0, 0, 0, 0, 0, 0, 0, 195, 0, 0, 0, 0, 0, 0, 0, 3, 198
"c:\MAIN FLUTTER\stockall\lib\pages\authentication\auth_landing\platforms\auth_landing_mobile.dart", "Dart", 0, 0, 0, 0, 0, 0, 0, 175, 0, 0, 0, 0, 0, 0, 0, 4, 179
"c:\MAIN FLUTTER\stockall\lib\pages\authentication\auth_landing\platforms\auth_landing_tablet.dart", "Dart", 0, 0, 0, 0, 0, 0, 0, 188, 0, 0, 0, 0, 0, 0, 0, 3, 191
"c:\MAIN FLUTTER\stockall\lib\pages\authentication\auth_screens\auth_screens_page.dart", "Dart", 0, 0, 0, 0, 0, 0, 0, 15, 0, 0, 0, 0, 0, 0, 0, 3, 18
"c:\MAIN FLUTTER\stockall\lib\pages\authentication\base_page\base_page.dart", "Dart", 0, 0, 0, 0, 0, 0, 0, 49, 0, 0, 0, 0, 0, 0, 55, 11, 115
"c:\MAIN FLUTTER\stockall\lib\pages\authentication\components\check_agree.dart", "Dart", 0, 0, 0, 0, 0, 0, 0, 71, 0, 0, 0, 0, 0, 0, 0, 3, 74
"c:\MAIN FLUTTER\stockall\lib\pages\authentication\components\email_text_field.dart", "Dart", 0, 0, 0, 0, 0, 0, 0, 142, 0, 0, 0, 0, 0, 0, 0, 4, 146
"c:\MAIN FLUTTER\stockall\lib\pages\authentication\forgot_password_page\enter_new_password\enter_new_password.dart", "Dart", 0, 0, 0, 0, 0, 0, 0, 44, 0, 0, 0, 0, 0, 0, 8, 7, 59
"c:\MAIN FLUTTER\stockall\lib\pages\authentication\forgot_password_page\enter_new_password\platforms\enter_new_password_mobile.dart", "Dart", 0, 0, 0, 0, 0, 0, 0, 327, 0, 0, 0, 0, 0, 0, 28, 20, 375
"c:\MAIN FLUTTER\stockall\lib\pages\authentication\forgot_password_page\forgot_password_page.dart", "Dart", 0, 0, 0, 0, 0, 0, 0, 38, 0, 0, 0, 0, 0, 0, 2, 4, 44
"c:\MAIN FLUTTER\stockall\lib\pages\authentication\forgot_password_page\platforms\forgot_password_mobile.dart", "Dart", 0, 0, 0, 0, 0, 0, 0, 154, 0, 0, 0, 0, 0, 0, 2, 6, 162
"c:\MAIN FLUTTER\stockall\lib\pages\authentication\launch_screen\launch_screen.dart", "Dart", 0, 0, 0, 0, 0, 0, 0, 28, 0, 0, 0, 0, 0, 0, 15, 5, 48
"c:\MAIN FLUTTER\stockall\lib\pages\authentication\login\login_page.dart", "Dart", 0, 0, 0, 0, 0, 0, 0, 45, 0, 0, 0, 0, 0, 0, 5, 7, 57
"c:\MAIN FLUTTER\stockall\lib\pages\authentication\login\platforms\login_desktop.dart", "Dart", 0, 0, 0, 0, 0, 0, 0, 236, 0, 0, 0, 0, 0, 0, 0, 9, 245
"c:\MAIN FLUTTER\stockall\lib\pages\authentication\login\platforms\login_mobile.dart", "Dart", 0, 0, 0, 0, 0, 0, 0, 360, 0, 0, 0, 0, 0, 0, 8, 11, 379
"c:\MAIN FLUTTER\stockall\lib\pages\authentication\sign_up\platforms\signup_desktop.dart", "Dart", 0, 0, 0, 0, 0, 0, 0, 290, 0, 0, 0, 0, 0, 0, 0, 8, 298
"c:\MAIN FLUTTER\stockall\lib\pages\authentication\sign_up\platforms\signup_mobile.dart", "Dart", 0, 0, 0, 0, 0, 0, 0, 457, 0, 0, 0, 0, 0, 0, 13, 10, 480
"c:\MAIN FLUTTER\stockall\lib\pages\authentication\sign_up\platforms\signup_two_desktop.dart", "Dart", 0, 0, 0, 0, 0, 0, 0, 399, 0, 0, 0, 0, 0, 0, 0, 5, 404
"c:\MAIN FLUTTER\stockall\lib\pages\authentication\sign_up\platforms\signup_two_mobile.dart", "Dart", 0, 0, 0, 0, 0, 0, 0, 313, 0, 0, 0, 0, 0, 0, 24, 5, 342
"c:\MAIN FLUTTER\stockall\lib\pages\authentication\sign_up\sign_up_page.dart", "Dart", 0, 0, 0, 0, 0, 0, 0, 94, 0, 0, 0, 0, 0, 0, 0, 7, 101
"c:\MAIN FLUTTER\stockall\lib\pages\authentication\sign_up\signup_two.dart", "Dart", 0, 0, 0, 0, 0, 0, 0, 48, 0, 0, 0, 0, 0, 0, 0, 6, 54
"c:\MAIN FLUTTER\stockall\lib\pages\authentication\splash_screens\platforms\components\indicator.dart", "Dart", 0, 0, 0, 0, 0, 0, 0, 29, 0, 0, 0, 0, 0, 0, 0, 3, 32
"c:\MAIN FLUTTER\stockall\lib\pages\authentication\splash_screens\platforms\components\mobile_splash_widget.dart", "Dart", 0, 0, 0, 0, 0, 0, 0, 79, 0, 0, 0, 0, 0, 0, 0, 5, 84
"c:\MAIN FLUTTER\stockall\lib\pages\authentication\splash_screens\platforms\splash_desktop.dart", "Dart", 0, 0, 0, 0, 0, 0, 0, 241, 0, 0, 0, 0, 0, 0, 2, 8, 251
"c:\MAIN FLUTTER\stockall\lib\pages\authentication\splash_screens\platforms\splash_mobile.dart", "Dart", 0, 0, 0, 0, 0, 0, 0, 187, 0, 0, 0, 0, 0, 0, 1, 4, 192
"c:\MAIN FLUTTER\stockall\lib\pages\authentication\splash_screens\platforms\splash_widget.dart", "Dart", 0, 0, 0, 0, 0, 0, 0, 0, 0, 0, 0, 0, 0, 0, 0, 1, 1
"c:\MAIN FLUTTER\stockall\lib\pages\authentication\splash_screens\splash_screen.dart", "Dart", 0, 0, 0, 0, 0, 0, 0, 69, 0, 0, 0, 0, 0, 0, 6, 6, 81
"c:\MAIN FLUTTER\stockall\lib\pages\authentication\verify_phone\enter_code.dart", "Dart", 0, 0, 0, 0, 0, 0, 0, 33, 0, 0, 0, 0, 0, 0, 0, 3, 36
"c:\MAIN FLUTTER\stockall\lib\pages\authentication\verify_phone\platforms\enter_code_desktop.dart", "Dart", 0, 0, 0, 0, 0, 0, 0, 298, 0, 0, 0, 0, 0, 0, 6, 4, 308
"c:\MAIN FLUTTER\stockall\lib\pages\authentication\verify_phone\platforms\enter_code_mobile.dart", "Dart", 0, 0, 0, 0, 0, 0, 0, 221, 0, 0, 0, 0, 0, 0, 3, 4, 228
"c:\MAIN FLUTTER\stockall\lib\pages\authentication\verify_phone\platforms\verify_phone_desktop.dart", "Dart", 0, 0, 0, 0, 0, 0, 0, 214, 0, 0, 0, 0, 0, 0, 0, 4, 218
"c:\MAIN FLUTTER\stockall\lib\pages\authentication\verify_phone\platforms\verify_phone_mobile.dart", "Dart", 0, 0, 0, 0, 0, 0, 0, 232, 0, 0, 0, 0, 0, 0, 7, 11, 250
"c:\MAIN FLUTTER\stockall\lib\pages\authentication\verify_phone\verify_phone.dart", "Dart", 0, 0, 0, 0, 0, 0, 0, 87, 0, 0, 0, 0, 0, 0, 0, 4, 91
"c:\MAIN FLUTTER\stockall\lib\pages\calendar_practice.dart", "Dart", 0, 0, 0, 0, 0, 0, 0, 0, 0, 0, 0, 0, 0, 0, 0, 2, 2
"c:\MAIN FLUTTER\stockall\lib\pages\customers\add_customer\add_customer.dart", "Dart", 0, 0, 0, 0, 0, 0, 0, 53, 0, 0, 0, 0, 0, 0, 0, 6, 59
"c:\MAIN FLUTTER\stockall\lib\pages\customers\add_customer\platforms\add_customer_mobile.dart", "Dart", 0, 0, 0, 0, 0, 0, 0, 1995, 0, 0, 0, 0, 0, 0, 11, 37, 2043
"c:\MAIN FLUTTER\stockall\lib\pages\customers\components\customer_main_tile.dart", "Dart", 0, 0, 0, 0, 0, 0, 0, 116, 0, 0, 0, 0, 0, 0, 10, 4, 130
"c:\MAIN FLUTTER\stockall\lib\pages\customers\customer_page\customer_page.dart", "Dart", 0, 0, 0, 0, 0, 0, 0, 21, 0, 0, 0, 0, 0, 0, 0, 3, 24
"c:\MAIN FLUTTER\stockall\lib\pages\customers\customer_page\platform\customer_page_mobile.dart", "Dart", 0, 0, 0, 0, 0, 0, 0, 604, 0, 0, 0, 0, 0, 0, 0, 21, 625
"c:\MAIN FLUTTER\stockall\lib\pages\customers\customers_list\customer_list.dart", "Dart", 0, 0, 0, 0, 0, 0, 0, 67, 0, 0, 0, 0, 0, 0, 1, 8, 76
"c:\MAIN FLUTTER\stockall\lib\pages\customers\customers_list\platforms\customer_list_mobile.dart", "Dart", 0, 0, 0, 0, 0, 0, 0, 349, 0, 0, 0, 0, 0, 0, 0, 10, 359
"c:\MAIN FLUTTER\stockall\lib\pages\dashboard\components\button_tab.dart", "Dart", 0, 0, 0, 0, 0, 0, 0, 71, 0, 0, 0, 0, 0, 0, 0, 5, 76
"c:\MAIN FLUTTER\stockall\lib\pages\dashboard\components\main_bottom_nav.dart", "Dart", 0, 0, 0, 0, 0, 0, 0, 282, 0, 0, 0, 0, 0, 0, 0, 3, 285
"c:\MAIN FLUTTER\stockall\lib\pages\dashboard\components\main_info_tab.dart", "Dart", 0, 0, 0, 0, 0, 0, 0, 113, 0, 0, 0, 0, 0, 0, 26, 6, 145
"c:\MAIN FLUTTER\stockall\lib\pages\dashboard\components\nav_button.dart", "Dart", 0, 0, 0, 0, 0, 0, 0, 87, 0, 0, 0, 0, 0, 0, 0, 4, 91
"c:\MAIN FLUTTER\stockall\lib\pages\dashboard\components\top_nav_bar.dart", "Dart", 0, 0, 0, 0, 0, 0, 0, 294, 0, 0, 0, 0, 0, 0, 0, 7, 301
"c:\MAIN FLUTTER\stockall\lib\pages\dashboard\components\total_sales_banner.dart", "Dart", 0, 0, 0, 0, 0, 0, 0, 363, 0, 0, 0, 0, 0, 0, 12, 20, 395
"c:\MAIN FLUTTER\stockall\lib\pages\dashboard\dashboard.dart", "Dart", 0, 0, 0, 0, 0, 0, 0, 98, 0, 0, 0, 0, 0, 0, 5, 17, 120
"c:\MAIN FLUTTER\stockall\lib\pages\dashboard\employee_auth_page\emp_auth.dart", "Dart", 0, 0, 0, 0, 0, 0, 0, 1019, 0, 0, 0, 0, 0, 0, 42, 16, 1077
"c:\MAIN FLUTTER\stockall\lib\pages\dashboard\platforms\dashboard_desktop.dart", "Dart", 0, 0, 0, 0, 0, 0, 0, 9, 0, 0, 0, 0, 0, 0, 143, 4, 156
"c:\MAIN FLUTTER\stockall\lib\pages\dashboard\platforms\dashboard_mobile.dart", "Dart", 0, 0, 0, 0, 0, 0, 0, 1357, 0, 0, 0, 0, 0, 0, 13, 32, 1402
"c:\MAIN FLUTTER\stockall\lib\pages\dashboard\platforms\dashboard_tablet.dart", "Dart", 0, 0, 0, 0, 0, 0, 0, 14, 0, 0, 0, 0, 0, 0, 156, 6, 176
"c:\MAIN FLUTTER\stockall\lib\pages\employees\add_employee_page\add_employee_page.dart", "Dart", 0, 0, 0, 0, 0, 0, 0, 41, 0, 0, 0, 0, 0, 0, 0, 6, 47
"c:\MAIN FLUTTER\stockall\lib\pages\employees\add_employee_page\platforms\add_employee_mobile.dart", "Dart", 0, 0, 0, 0, 0, 0, 0, 675, 0, 0, 0, 0, 0, 0, 10, 25, 710
"c:\MAIN FLUTTER\stockall\lib\pages\employees\components\employee_tile_main.dart", "Dart", 0, 0, 0, 0, 0, 0, 0, 156, 0, 0, 0, 0, 0, 0, 0, 5, 161
"c:\MAIN FLUTTER\stockall\lib\pages\employees\employee_list\employee_list_page.dart", "Dart", 0, 0, 0, 0, 0, 0, 0, 51, 0, 0, 0, 0, 0, 0, 2, 6, 59
"c:\MAIN FLUTTER\stockall\lib\pages\employees\employee_list\platforms\employee_list_mobile.dart", "Dart", 0, 0, 0, 0, 0, 0, 0, 201, 0, 0, 0, 0, 0, 0, 0, 10, 211
"c:\MAIN FLUTTER\stockall\lib\pages\employees\employee_page\employee_page.dart", "Dart", 0, 0, 0, 0, 0, 0, 0, 21, 0, 0, 0, 0, 0, 0, 0, 3, 24
"c:\MAIN FLUTTER\stockall\lib\pages\employees\employee_page\platforms\employee_page_mobile.dart", "Dart", 0, 0, 0, 0, 0, 0, 0, 709, 0, 0, 0, 0, 0, 0, 0, 31, 740
"c:\MAIN FLUTTER\stockall\lib\pages\expenses\add_expenses\add_expenses.dart", "Dart", 0, 0, 0, 0, 0, 0, 0, 45, 0, 0, 0, 0, 0, 0, 0, 4, 49
"c:\MAIN FLUTTER\stockall\lib\pages\expenses\add_expenses\platforms\add_expenses_mobile.dart", "Dart", 0, 0, 0, 0, 0, 0, 0, 353, 0, 0, 0, 0, 0, 0, 13, 17, 383
"c:\MAIN FLUTTER\stockall\lib\pages\expenses\components\expenses_tile.dart", "Dart", 0, 0, 0, 0, 0, 0, 0, 204, 0, 0, 0, 0, 0, 0, 0, 8, 212
"c:\MAIN FLUTTER\stockall\lib\pages\expenses\expenses_page.dart", "Dart", 0, 0, 0, 0, 0, 0, 0, 57, 0, 0, 0, 0, 0, 0, 1, 7, 65
"c:\MAIN FLUTTER\stockall\lib\pages\expenses\platforms\expenses_moblie.dart", "Dart", 0, 0, 0, 0, 0, 0, 0, 499, 0, 0, 0, 0, 0, 0, 10, 10, 519
"c:\MAIN FLUTTER\stockall\lib\pages\expenses\single_expense\expense_details.dart", "Dart", 0, 0, 0, 0, 0, 0, 0, 24, 0, 0, 0, 0, 0, 0, 0, 3, 27
"c:\MAIN FLUTTER\stockall\lib\pages\expenses\single_expense\platform\expense_details_mobile.dart", "Dart", 0, 0, 0, 0, 0, 0, 0, 539, 0, 0, 0, 0, 0, 0, 38, 26, 603
"c:\MAIN FLUTTER\stockall\lib\pages\expenses\total_expenses\platforms\total_expenses_mobile.dart", "Dart", 0, 0, 0, 0, 0, 0, 0, 536, 0, 0, 0, 0, 0, 0, 42, 15, 593
"c:\MAIN FLUTTER\stockall\lib\pages\expenses\total_expenses\total_expenses.dart", "Dart", 0, 0, 0, 0, 0, 0, 0, 20, 0, 0, 0, 0, 0, 0, 0, 3, 23
"c:\MAIN FLUTTER\stockall\lib\pages\home\home.dart", "Dart", 0, 0, 0, 0, 0, 0, 0, 145, 0, 0, 0, 0, 0, 0, 5, 12, 162
"c:\MAIN FLUTTER\stockall\lib\pages\notifications\notifications_page.dart", "Dart", 0, 0, 0, 0, 0, 0, 0, 58, 0, 0, 0, 0, 0, 0, 1, 7, 66
"c:\MAIN FLUTTER\stockall\lib\pages\notifications\platforms\notifications_mobile.dart", "Dart", 0, 0, 0, 0, 0, 0, 0, 475, 0, 0, 0, 0, 0, 0, 0, 8, 483
"c:\MAIN FLUTTER\stockall\lib\pages\products\add_product_one\add_product.dart", "Dart", 0, 0, 0, 0, 0, 0, 0, 58, 0, 0, 0, 0, 0, 0, 0, 7, 65
"c:\MAIN FLUTTER\stockall\lib\pages\products\add_product_one\platforms\add_product_mobile.dart", "Dart", 0, 0, 0, 0, 0, 0, 0, 1269, 0, 0, 0, 0, 0, 0, 364, 43, 1676
"c:\MAIN FLUTTER\stockall\lib\pages\products\add_products_three\add_products_three.dart", "Dart", 0, 0, 0, 0, 0, 0, 0, 0, 0, 0, 0, 0, 0, 0, 28, 4, 32
"c:\MAIN FLUTTER\stockall\lib\pages\products\add_products_three\platforms\add_products_three_mobile.dart", "Dart", 0, 0, 0, 0, 0, 0, 0, 0, 0, 0, 0, 0, 0, 0, 377, 10, 387
"c:\MAIN FLUTTER\stockall\lib\pages\products\add_products_two\add_product_two.dart", "Dart", 0, 0, 0, 0, 0, 0, 0, 0, 0, 0, 0, 0, 0, 0, 37, 4, 41
"c:\MAIN FLUTTER\stockall\lib\pages\products\add_products_two\platforms\add_products_two_mobile.dart", "Dart", 0, 0, 0, 0, 0, 0, 0, 0, 0, 0, 0, 0, 0, 0, 262, 8, 270
"c:\MAIN FLUTTER\stockall\lib\pages\products\compnents\cart_item_main.dart", "Dart", 0, 0, 0, 0, 0, 0, 0, 309, 0, 0, 0, 0, 0, 0, 1, 7, 317
"c:\MAIN FLUTTER\stockall\lib\pages\products\compnents\edit_product_tile.dart", "Dart", 0, 0, 0, 0, 0, 0, 0, 48, 0, 0, 0, 0, 0, 0, 0, 4, 52
"c:\MAIN FLUTTER\stockall\lib\pages\products\compnents\product_filter_button.dart", "Dart", 0, 0, 0, 0, 0, 0, 0, 64, 0, 0, 0, 0, 0, 0, 0, 5, 69
"c:\MAIN FLUTTER\stockall\lib\pages\products\compnents\product_tile_cart_search.dart", "Dart", 0, 0, 0, 0, 0, 0, 0, 468, 0, 0, 0, 0, 0, 0, 2, 7, 477
"c:\MAIN FLUTTER\stockall\lib\pages\products\compnents\product_tile_main.dart", "Dart", 0, 0, 0, 0, 0, 0, 0, 511, 0, 0, 0, 0, 0, 0, 1, 7, 519
"c:\MAIN FLUTTER\stockall\lib\pages\products\compnents\products_summary_tab.dart", "Dart", 0, 0, 0, 0, 0, 0, 0, 102, 0, 0, 0, 0, 0, 0, 0, 5, 107
"c:\MAIN FLUTTER\stockall\lib\pages\products\compnents\receipt_tile_main.dart", "Dart", 0, 0, 0, 0, 0, 0, 0, 0, 0, 0, 0, 0, 0, 0, 256, 11, 267
"c:\MAIN FLUTTER\stockall\lib\pages\products\compnents\search_product_tile.dart", "Dart", 0, 0, 0, 0, 0, 0, 0, 59, 0, 0, 0, 0, 0, 0, 1, 4, 64
"c:\MAIN FLUTTER\stockall\lib\pages\products\edit_product\edit_products_page.dart", "Dart", 0, 0, 0, 0, 0, 0, 0, 101, 0, 0, 0, 0, 0, 0, 2, 6, 109
"c:\MAIN FLUTTER\stockall\lib\pages\products\edit_product\platforms\edit_product_mobile.dart", "Dart", 0, 0, 0, 0, 0, 0, 0, 437, 0, 0, 0, 0, 0, 0, 20, 11, 468
"c:\MAIN FLUTTER\stockall\lib\pages\products\platforms\product_page_mobile.dart", "Dart", 0, 0, 0, 0, 0, 0, 0, 678, 0, 0, 0, 0, 0, 0, 19, 20, 717
"c:\MAIN FLUTTER\stockall\lib\pages\products\product_details\platforms\components\edit_discount_page.dart", "Dart", 0, 0, 0, 0, 0, 0, 0, 641, 0, 0, 0, 0, 0, 0, 2, 15, 658
"c:\MAIN FLUTTER\stockall\lib\pages\products\product_details\platforms\product_details_mobile.dart", "Dart", 0, 0, 0, 0, 0, 0, 0, 1575, 0, 0, 0, 0, 0, 0, 131, 29, 1735
"c:\MAIN FLUTTER\stockall\lib\pages\products\product_details\product_details_page.dart", "Dart", 0, 0, 0, 0, 0, 0, 0, 29, 0, 0, 0, 0, 0, 0, 0, 3, 32
"c:\MAIN FLUTTER\stockall\lib\pages\products\products_page.dart", "Dart", 0, 0, 0, 0, 0, 0, 0, 72, 0, 0, 0, 0, 0, 0, 13, 7, 92
"c:\MAIN FLUTTER\stockall\lib\pages\products\total_products\total_products_page.dart", "Dart", 0, 0, 0, 0, 0, 0, 0, 706, 0, 0, 0, 0, 0, 0, 24, 19, 749
"c:\MAIN FLUTTER\stockall\lib\pages\profile\edit\edit.dart", "Dart", 0, 0, 0, 0, 0, 0, 0, 64, 0, 0, 0, 0, 0, 0, 0, 4, 68
"c:\MAIN FLUTTER\stockall\lib\pages\profile\edit\platforms\edit_mobile.dart", "Dart", 0, 0, 0, 0, 0, 0, 0, 673, 0, 0, 0, 0, 0, 0, 35, 23, 731
"c:\MAIN FLUTTER\stockall\lib\pages\profile\platforms\profile_page_mobile.dart", "Dart", 0, 0, 0, 0, 0, 0, 0, 289, 0, 0, 0, 0, 0, 0, 28, 7, 324
"c:\MAIN FLUTTER\stockall\lib\pages\profile\profile_page.dart", "Dart", 0, 0, 0, 0, 0, 0, 0, 56, 0, 0, 0, 0, 0, 0, 1, 7, 64
"c:\MAIN FLUTTER\stockall\lib\pages\referrals\platforms\referrals_mobile.dart", "Dart", 0, 0, 0, 0, 0, 0, 0, 42, 0, 0, 0, 0, 0, 0, 0, 3, 45
"c:\MAIN FLUTTER\stockall\lib\pages\referrals\referrals.dart", "Dart", 0, 0, 0, 0, 0, 0, 0, 56, 0, 0, 0, 0, 0, 0, 1, 7, 64
"c:\MAIN FLUTTER\stockall\lib\pages\report\customer_report\customer_report_page.dart", "Dart", 0, 0, 0, 0, 0, 0, 0, 20, 0, 0, 0, 0, 0, 0, 0, 3, 23
"c:\MAIN FLUTTER\stockall\lib\pages\report\customer_report\platforms\customer_report_mobile.dart", "Dart", 0, 0, 0, 0, 0, 0, 0, 950, 0, 0, 0, 0, 0, 0, 14, 19, 983
"c:\MAIN FLUTTER\stockall\lib\pages\report\general_report\general_report_page.dart", "Dart", 0, 0, 0, 0, 0, 0, 0, 20, 0, 0, 0, 0, 0, 0, 0, 3, 23
"c:\MAIN FLUTTER\stockall\lib\pages\report\general_report\platforms\general_report_mobile.dart", "Dart", 0, 0, 0, 0, 0, 0, 0, 2547, 0, 0, 0, 0, 0, 0, 9, 61, 2617
"c:\MAIN FLUTTER\stockall\lib\pages\report\platforms\report_mobile.dart", "Dart", 0, 0, 0, 0, 0, 0, 0, 247, 0, 0, 0, 0, 0, 0, 2, 6, 255
"c:\MAIN FLUTTER\stockall\lib\pages\report\product_report\platforms\product_report_mobile.dart", "Dart", 0, 0, 0, 0, 0, 0, 0, 1584, 0, 0, 0, 0, 0, 0, 111, 32, 1727
"c:\MAIN FLUTTER\stockall\lib\pages\report\product_report\product_report_page.dart", "Dart", 0, 0, 0, 0, 0, 0, 0, 20, 0, 0, 0, 0, 0, 0, 0, 3, 23
"c:\MAIN FLUTTER\stockall\lib\pages\report\report_page.dart", "Dart", 0, 0, 0, 0, 0, 0, 0, 56, 0, 0, 0, 0, 0, 0, 1, 7, 64
"c:\MAIN FLUTTER\stockall\lib\pages\report\sales_and_revenue\platforms\sales_and_revenue_report_mobile.dart", "Dart", 0, 0, 0, 0, 0, 0, 0, 1757, 0, 0, 0, 0, 0, 0, 28, 41, 1826
"c:\MAIN FLUTTER\stockall\lib\pages\report\sales_and_revenue\sales_and_revenue_report.dart", "Dart", 0, 0, 0, 0, 0, 0, 0, 20, 0, 0, 0, 0, 0, 0, 0, 3, 23
"c:\MAIN FLUTTER\stockall\lib\pages\sales\make_sales\page1\make_sales_page.dart", "Dart", 0, 0, 0, 0, 0, 0, 0, 69, 0, 0, 0, 0, 0, 0, 1, 9, 79
"c:\MAIN FLUTTER\stockall\lib\pages\sales\make_sales\page1\platforms\make_sales_mobile.dart", "Dart", 0, 0, 0, 0, 0, 0, 0, 2548, 0, 0, 0, 0, 0, 0, 52, 36, 2636
"c:\MAIN FLUTTER\stockall\lib\pages\sales\make_sales\page2\make_sales_two.dart", "Dart", 0, 0, 0, 0, 0, 0, 0, 48, 0, 0, 0, 0, 0, 0, 0, 4, 52
"c:\MAIN FLUTTER\stockall\lib\pages\sales\make_sales\page2\platforms\make_sales_mobile_two.dart", "Dart", 0, 0, 0, 0, 0, 0, 0, 872, 0, 0, 0, 0, 0, 0, 9, 15, 896
"c:\MAIN FLUTTER\stockall\lib\pages\sales\make_sales\receipt_page\platforms\receipt_page_mobile.dart", "Dart", 0, 0, 0, 0, 0, 0, 0, 1688, 0, 0, 0, 0, 0, 0, 69, 35, 1792
"c:\MAIN FLUTTER\stockall\lib\pages\sales\make_sales\receipt_page\receipt_page.dart", "Dart", 0, 0, 0, 0, 0, 0, 0, 29, 0, 0, 0, 0, 0, 0, 0, 3, 32
"c:\MAIN FLUTTER\stockall\lib\pages\sales\sales_page\platforms\sales_page_mobile.dart", "Dart", 0, 0, 0, 0, 0, 0, 0, 557, 0, 0, 0, 0, 0, 0, 10, 15, 582
"c:\MAIN FLUTTER\stockall\lib\pages\sales\sales_page\sales_page.dart", "Dart", 0, 0, 0, 0, 0, 0, 0, 73, 0, 0, 0, 0, 0, 0, 3, 8, 84
"c:\MAIN FLUTTER\stockall\lib\pages\sales\total_sales\platforms\total_sales_mobile.dart", "Dart", 0, 0, 0, 0, 0, 0, 0, 779, 0, 0, 0, 0, 0, 0, 6, 11, 796
"c:\MAIN FLUTTER\stockall\lib\pages\sales\total_sales\total_sales_page.dart", "Dart", 0, 0, 0, 0, 0, 0, 0, 32, 0, 0, 0, 0, 0, 0, 0, 3, 35
"c:\MAIN FLUTTER\stockall\lib\pages\shop_setup\banner_screen\copy_staff_id\copy_staff_id.dart", "Dart", 0, 0, 0, 0, 0, 0, 0, 389, 0, 0, 0, 0, 0, 0, 6, 12, 407
"c:\MAIN FLUTTER\stockall\lib\pages\shop_setup\banner_screen\shop_banner_screen.dart", "Dart", 0, 0, 0, 0, 0, 0, 0, 268, 0, 0, 0, 0, 0, 0, 0, 4, 272
"c:\MAIN FLUTTER\stockall\lib\pages\shop_setup\components\text_field.dart", "Dart", 0, 0, 0, 0, 0, 0, 0, 111, 0, 0, 0, 0, 0, 0, 0, 4, 115
"c:\MAIN FLUTTER\stockall\lib\pages\shop_setup\create_category\create_category.dart", "Dart", 0, 0, 0, 0, 0, 0, 0, 146, 0, 0, 0, 0, 0, 0, 2, 6, 154
"c:\MAIN FLUTTER\stockall\lib\pages\shop_setup\shop_page\platforms\shop_page_mobile.dart", "Dart", 0, 0, 0, 0, 0, 0, 0, 1024, 0, 0, 0, 0, 0, 0, 1, 11, 1036
"c:\MAIN FLUTTER\stockall\lib\pages\shop_setup\shop_page\shop_page.dart", "Dart", 0, 0, 0, 0, 0, 0, 0, 20, 0, 0, 0, 0, 0, 0, 0, 3, 23
"c:\MAIN FLUTTER\stockall\lib\pages\shop_setup\shop_setup_page.dart", "Dart", 0, 0, 0, 0, 0, 0, 0, 336, 0, 0, 0, 0, 0, 0, 0, 10, 346
"c:\MAIN FLUTTER\stockall\lib\pages\shop_setup\shop_setup_two.dart", "Dart", 0, 0, 0, 0, 0, 0, 0, 3403, 0, 0, 0, 0, 0, 0, 18, 64, 3485
"c:\MAIN FLUTTER\stockall\lib\providers\comp_provider.dart", "Dart", 0, 0, 0, 0, 0, 0, 0, 182, 0, 0, 0, 0, 0, 0, 12, 17, 211
"c:\MAIN FLUTTER\stockall\lib\providers\customers_provider.dart", "Dart", 0, 0, 0, 0, 0, 0, 0, 111, 0, 0, 0, 0, 0, 0, 132, 27, 270
"c:\MAIN FLUTTER\stockall\lib\providers\data_provider.dart", "Dart", 0, 0, 0, 0, 0, 0, 0, 510, 0, 0, 0, 0, 0, 0, 57, 72, 639
"c:\MAIN FLUTTER\stockall\lib\providers\expenses_provider.dart", "Dart", 0, 0, 0, 0, 0, 0, 0, 162, 0, 0, 0, 0, 0, 0, 45, 30, 237
"c:\MAIN FLUTTER\stockall\lib\providers\nav_provider.dart", "Dart", 0, 0, 0, 0, 0, 0, 0, 33, 0, 0, 0, 0, 0, 0, 0, 11, 44
"c:\MAIN FLUTTER\stockall\lib\providers\notifications_provider.dart", "Dart", 0, 0, 0, 0, 0, 0, 0, 96, 0, 0, 0, 0, 0, 0, 1, 17, 114
"c:\MAIN FLUTTER\stockall\lib\providers\product_suggestions_provider.dart", "Dart", 0, 0, 0, 0, 0, 0, 0, 146, 0, 0, 0, 0, 0, 0, 36, 32, 214
"c:\MAIN FLUTTER\stockall\lib\providers\receipts_provider.dart", "Dart", 0, 0, 0, 0, 0, 0, 0, 712, 0, 0, 0, 0, 0, 0, 80, 106, 898
"c:\MAIN FLUTTER\stockall\lib\providers\ref_provider.dart", "Dart", 0, 0, 0, 0, 0, 0, 0, 0, 0, 0, 0, 0, 0, 0, 89, 16, 105
"c:\MAIN FLUTTER\stockall\lib\providers\report_provider.dart", "Dart", 0, 0, 0, 0, 0, 0, 0, 110, 0, 0, 0, 0, 0, 0, 3, 12, 125
"c:\MAIN FLUTTER\stockall\lib\providers\sales_provider.dart", "Dart", 0, 0, 0, 0, 0, 0, 0, 297, 0, 0, 0, 0, 0, 0, 8, 46, 351
"c:\MAIN FLUTTER\stockall\lib\providers\shop_provider.dart", "Dart", 0, 0, 0, 0, 0, 0, 0, 284, 0, 0, 0, 0, 0, 0, 13, 49, 346
"c:\MAIN FLUTTER\stockall\lib\providers\theme_provider.dart", "Dart", 0, 0, 0, 0, 0, 0, 0, 21, 0, 0, 0, 0, 0, 0, 0, 3, 24
"c:\MAIN FLUTTER\stockall\lib\providers\user_provider.dart", "Dart", 0, 0, 0, 0, 0, 0, 0, 248, 0, 0, 0, 0, 0, 0, 20, 41, 309
"c:\MAIN FLUTTER\stockall\lib\providers\validate_input_provider.dart", "Dart", 0, 0, 0, 0, 0, 0, 0, 71, 0, 0, 0, 0, 0, 0, 1, 4, 76
"c:\MAIN FLUTTER\stockall\lib\services\auth_service.dart", "Dart", 0, 0, 0, 0, 0, 0, 0, 193, 0, 0, 0, 0, 0, 0, 22, 30, 245
"c:\MAIN FLUTTER\stockall\lib\services\printing\import_helper.dart", "Dart", 0, 0, 0, 0, 0, 0, 0, 3, 0, 0, 0, 0, 0, 0, 0, 1, 4
"c:\MAIN FLUTTER\stockall\lib\services\printing\printer_service_mobile.dart", "Dart", 0, 0, 0, 0, 0, 0, 0, 861, 0, 0, 0, 0, 0, 0, 8, 42, 911
"c:\MAIN FLUTTER\stockall\lib\services\printing\printer_service_stub.dart", "Dart", 0, 0, 0, 0, 0, 0, 0, 16, 0, 0, 0, 0, 0, 0, 0, 3, 19
"c:\MAIN FLUTTER\stockall\lib\services\printing\printer_service_web.dart", "Dart", 0, 0, 0, 0, 0, 0, 0, 16, 0, 0, 0, 0, 0, 0, 196, 20, 232
"c:\MAIN FLUTTER\stockall\lib\simple_bar_chart.dart", "Dart", 0, 0, 0, 0, 0, 0, 0, 75, 0, 0, 0, 0, 0, 0, 0, 4, 79
"c:\MAIN FLUTTER\stockall\lib\theme\main_theme.dart", "Dart", 0, 0, 0, 0, 0, 0, 0, 401, 0, 0, 0, 0, 0, 0, 50, 45, 496
"c:\MAIN FLUTTER\stockall\linux\CMakeLists.txt", "CMake", 0, 104, 0, 0, 0, 0, 0, 0, 0, 0, 0, 0, 0, 0, 0, 25, 129
"c:\MAIN FLUTTER\stockall\linux\flutter\CMakeLists.txt", "CMake", 0, 79, 0, 0, 0, 0, 0, 0, 0, 0, 0, 0, 0, 0, 0, 10, 89
"c:\MAIN FLUTTER\stockall\linux\flutter\generated_plugin_registrant.cc", "C++", 23, 0, 0, 0, 0, 0, 0, 0, 0, 0, 0, 0, 0, 0, 4, 5, 32
"c:\MAIN FLUTTER\stockall\linux\flutter\generated_plugin_registrant.h", "C++", 5, 0, 0, 0, 0, 0, 0, 0, 0, 0, 0, 0, 0, 0, 5, 6, 16
"c:\MAIN FLUTTER\stockall\linux\flutter\generated_plugins.cmake", "CMake", 0, 23, 0, 0, 0, 0, 0, 0, 0, 0, 0, 0, 0, 0, 0, 6, 29
"c:\MAIN FLUTTER\stockall\linux\runner\CMakeLists.txt", "CMake", 0, 21, 0, 0, 0, 0, 0, 0, 0, 0, 0, 0, 0, 0, 0, 6, 27
"c:\MAIN FLUTTER\stockall\linux\runner\main.cc", "C++", 5, 0, 0, 0, 0, 0, 0, 0, 0, 0, 0, 0, 0, 0, 0, 2, 7
"c:\MAIN FLUTTER\stockall\linux\runner\my_application.cc", "C++", 83, 0, 0, 0, 0, 0, 0, 0, 0, 0, 0, 0, 0, 0, 21, 27, 131
"c:\MAIN FLUTTER\stockall\linux\runner\my_application.h", "C++", 7, 0, 0, 0, 0, 0, 0, 0, 0, 0, 0, 0, 0, 0, 7, 5, 19
"c:\MAIN FLUTTER\stockall\macos\Flutter\GeneratedPluginRegistrant.swift", "Swift", 0, 0, 0, 0, 26, 0, 0, 0, 0, 0, 0, 0, 0, 0, 3, 4, 33
"c:\MAIN FLUTTER\stockall\macos\RunnerTests\RunnerTests.swift", "Swift", 0, 0, 0, 0, 7, 0, 0, 0, 0, 0, 0, 0, 0, 0, 2, 4, 13
"c:\MAIN FLUTTER\stockall\macos\Runner\AppDelegate.swift", "Swift", 0, 0, 0, 0, 11, 0, 0, 0, 0, 0, 0, 0, 0, 0, 0, 3, 14
"c:\MAIN FLUTTER\stockall\macos\Runner\Assets.xcassets\AppIcon.appiconset\Contents.json", "JSON", 0, 0, 0, 0, 0, 68, 0, 0, 0, 0, 0, 0, 0, 0, 0, 1, 69
"c:\MAIN FLUTTER\stockall\macos\Runner\Base.lproj\MainMenu.xib", "XML", 0, 0, 0, 0, 0, 0, 0, 0, 343, 0, 0, 0, 0, 0, 0, 1, 344
"c:\MAIN FLUTTER\stockall\macos\Runner\MainFlutterWindow.swift", "Swift", 0, 0, 0, 0, 12, 0, 0, 0, 0, 0, 0, 0, 0, 0, 0, 4, 16
"c:\MAIN FLUTTER\stockall\pubspec.yaml", "YAML", 0, 0, 82, 0, 0, 0, 0, 0, 0, 0, 0, 0, 0, 0, 63, 14, 159
"c:\MAIN FLUTTER\stockall\test\widget_test.dart", "Dart", 0, 0, 0, 0, 0, 0, 0, 16, 0, 0, 0, 0, 0, 0, 10, 7, 33
"c:\MAIN FLUTTER\stockall\web\index.html", "HTML", 0, 0, 0, 0, 0, 0, 89, 0, 0, 0, 0, 0, 0, 0, 17, 30, 136
"c:\MAIN FLUTTER\stockall\web\manifest.json", "JSON", 0, 0, 0, 0, 0, 35, 0, 0, 0, 0, 0, 0, 0, 0, 0, 1, 36
"c:\MAIN FLUTTER\stockall\windows\CMakeLists.txt", "CMake", 0, 89, 0, 0, 0, 0, 0, 0, 0, 0, 0, 0, 0, 0, 0, 20, 109
"c:\MAIN FLUTTER\stockall\windows\flutter\CMakeLists.txt", "CMake", 0, 98, 0, 0, 0, 0, 0, 0, 0, 0, 0, 0, 0, 0, 0, 12, 110
"c:\MAIN FLUTTER\stockall\windows\flutter\generated_plugin_registrant.cc", "C++", 21, 0, 0, 0, 0, 0, 0, 0, 0, 0, 0, 0, 0, 0, 4, 5, 30
"c:\MAIN FLUTTER\stockall\windows\flutter\generated_plugin_registrant.h", "C++", 5, 0, 0, 0, 0, 0, 0, 0, 0, 0, 0, 0, 0, 0, 5, 6, 16
"c:\MAIN FLUTTER\stockall\windows\flutter\generated_plugins.cmake", "CMake", 0, 24, 0, 0, 0, 0, 0, 0, 0, 0, 0, 0, 0, 0, 0, 6, 30
"c:\MAIN FLUTTER\stockall\windows\runner\CMakeLists.txt", "CMake", 0, 34, 0, 0, 0, 0, 0, 0, 0, 0, 0, 0, 0, 0, 0, 7, 41
"c:\MAIN FLUTTER\stockall\windows\runner\flutter_window.cpp", "C++", 49, 0, 0, 0, 0, 0, 0, 0, 0, 0, 0, 0, 0, 0, 7, 16, 72
"c:\MAIN FLUTTER\stockall\windows\runner\flutter_window.h", "C++", 20, 0, 0, 0, 0, 0, 0, 0, 0, 0, 0, 0, 0, 0, 5, 9, 34
"c:\MAIN FLUTTER\stockall\windows\runner\main.cpp", "C++", 30, 0, 0, 0, 0, 0, 0, 0, 0, 0, 0, 0, 0, 0, 4, 10, 44
"c:\MAIN FLUTTER\stockall\windows\runner\resource.h", "C++", 9, 0, 0, 0, 0, 0, 0, 0, 0, 0, 0, 0, 0, 0, 6, 2, 17
"c:\MAIN FLUTTER\stockall\windows\runner\utils.cpp", "C++", 54, 0, 0, 0, 0, 0, 0, 0, 0, 0, 0, 0, 0, 0, 2, 10, 66
"c:\MAIN FLUTTER\stockall\windows\runner\utils.h", "C++", 8, 0, 0, 0, 0, 0, 0, 0, 0, 0, 0, 0, 0, 0, 6, 6, 20
"c:\MAIN FLUTTER\stockall\windows\runner\win32_window.cpp", "C++", 210, 0, 0, 0, 0, 0, 0, 0, 0, 0, 0, 0, 0, 0, 24, 55, 289
"c:\MAIN FLUTTER\stockall\windows\runner\win32_window.h", "C++", 48, 0, 0, 0, 0, 0, 0, 0, 0, 0, 0, 0, 0, 0, 31, 24, 103
"Total", "-", 578, 472, 88, 13, 75, 2328, 178, 63146, 979, 4, 168341, 126, 8, 346265, 4551, 13340, 600492